{"cameraMode":{"drawMode":0,"name":"Shaded","section":"Shading Mode"},"sceneLighting":true,"audioPlay":false,"sceneViewState":{"m_AlwaysRefresh":false,"showFog":true,"showSkybox":true,"showFlares":true,"showImageEffects":true,"showParticleSystems":true,"showVisualEffectGraphs":true,"m_FxEnabled":true},"in2DMode":false,"pivot":{"x":-0.023225000128149987,"y":0.42554908990859988,"z":-0.23168833553791047},"rotation":{"x":0.4674094617366791,"y":-0.0014039864763617516,"z":0.001114757382310927,"w":0.8841416835784912},"size":0.09053205698728562,"orthographic":false}