{"cameraMode":{"drawMode":0,"name":"Shaded","section":"Shading Mode"},"sceneLighting":false,"audioPlay":false,"sceneViewState":{"m_AlwaysRefresh":false,"showFog":true,"showSkybox":false,"showFlares":true,"showImageEffects":true,"showParticleSystems":true,"showVisualEffectGraphs":true,"m_FxEnabled":true},"in2DMode":false,"pivot":{"x":-0.007643617689609528,"y":0.06132708862423897,"z":0.0012313686311244965},"rotation":{"x":-0.02091551013290882,"y":0.39087679982185366,"z":-0.009108062833547593,"w":-0.9202446341514587},"size":0.03656158968806267,"orthographic":false}